modo,n_bodies,hilos,repeticion,kernel_s,total_s
seq,500,0,1,0.048715,0.048744
seq,500,0,2,0.031031,0.031053
seq,500,0,3,0.029182,0.029208
seq,500,0,4,0.029221,0.029245
seq,500,0,5,0.029119,0.029137
seq,500,0,6,0.031454,0.031485
seq,500,0,7,0.032392,0.032425
seq,500,0,8,0.032230,0.032258
seq,500,0,9,0.032408,0.032434
seq,500,0,10,0.031716,0.031748
seq,2000,0,1,0.464802,0.464891
seq,2000,0,2,0.465837,0.465926
seq,2000,0,3,0.463614,0.463694
seq,2000,0,4,0.464256,0.464341
seq,2000,0,5,0.462900,0.462977
seq,2000,0,6,0.471169,0.471265
seq,2000,0,7,0.463567,0.463653
seq,2000,0,8,0.463355,0.463439
seq,2000,0,9,0.474980,0.475081
seq,2000,0,10,0.463871,0.463959
seq,5000,0,1,2.897604,2.897859
seq,5000,0,2,2.899868,2.900117
seq,5000,0,3,2.900243,2.900513
seq,5000,0,4,2.925755,2.926010
seq,5000,0,5,2.927987,2.928240
seq,5000,0,6,2.944076,2.944334
seq,5000,0,7,2.984186,2.984469
seq,5000,0,8,2.979195,2.979462
seq,5000,0,9,2.992712,2.992965
seq,5000,0,10,3.006454,3.006733
seq,10000,0,1,12.113195,12.113798
seq,10000,0,2,12.180926,12.181496
seq,10000,0,3,12.254753,12.255345
seq,10000,0,4,12.306663,12.307257
seq,10000,0,5,12.330686,12.331285
seq,10000,0,6,12.367680,12.368258
seq,10000,0,7,12.411420,12.412027
seq,10000,0,8,12.423428,12.424019
seq,10000,0,9,12.432505,12.433119
seq,10000,0,10,12.444795,12.445391
datos,500,1,1,0.030550,0.030574
datos,500,1,2,0.030459,0.030484
datos,500,1,3,0.030510,0.030525
datos,500,1,4,0.030608,0.030620
datos,500,1,5,0.030126,0.030139
datos,500,1,6,0.030127,0.030144
datos,500,1,7,0.030557,0.030584
datos,500,1,8,0.030437,0.030458
datos,500,1,9,0.030116,0.030142
datos,500,1,10,0.030369,0.030393
datos,500,2,1,0.015406,0.015453
datos,500,2,2,0.015702,0.015763
datos,500,2,3,0.015746,0.015792
datos,500,2,4,0.015721,0.015766
datos,500,2,5,0.015808,0.015855
datos,500,2,6,0.015679,0.015744
datos,500,2,7,0.015507,0.015560
datos,500,2,8,0.015531,0.015582
datos,500,2,9,0.015677,0.015733
datos,500,2,10,0.015954,0.016011
datos,500,4,1,0.008749,0.008804
datos,500,4,2,0.008828,0.008890
datos,500,4,3,0.008857,0.008908
datos,500,4,4,0.008741,0.008803
datos,500,4,5,0.008741,0.008795
datos,500,4,6,0.008765,0.008819
datos,500,4,7,0.008785,0.008844
datos,500,4,8,0.008768,0.008822
datos,500,4,9,0.008789,0.008843
datos,500,4,10,0.009825,0.009885
datos,500,8,1,0.009196,0.009271
datos,500,8,2,0.009212,0.009279
datos,500,8,3,0.009218,0.009286
datos,500,8,4,0.009197,0.009275
datos,500,8,5,0.009192,0.009274
datos,500,8,6,0.009195,0.009276
datos,500,8,7,0.009223,0.009301
datos,500,8,8,0.009197,0.009252
datos,500,8,9,0.009177,0.009244
datos,500,8,10,0.009260,0.009316
datos,2000,1,1,0.492139,0.492229
datos,2000,1,2,0.490824,0.490918
datos,2000,1,3,0.488065,0.488158
datos,2000,1,4,0.490803,0.490897
datos,2000,1,5,0.487113,0.487208
datos,2000,1,6,0.486522,0.486613
datos,2000,1,7,0.490035,0.490122
datos,2000,1,8,0.490430,0.490519
datos,2000,1,9,0.487283,0.487370
datos,2000,1,10,0.488874,0.488961
datos,2000,2,1,0.247593,0.247765
datos,2000,2,2,0.249056,0.249220
datos,2000,2,3,0.249305,0.249475
datos,2000,2,4,0.250287,0.250451
datos,2000,2,5,0.251033,0.251205
datos,2000,2,6,0.250854,0.251022
datos,2000,2,7,0.249091,0.249258
datos,2000,2,8,0.251270,0.251429
datos,2000,2,9,0.250242,0.250406
datos,2000,2,10,0.250696,0.250861
datos,2000,4,1,0.131888,0.132071
datos,2000,4,2,0.136516,0.136700
datos,2000,4,3,0.131626,0.131797
datos,2000,4,4,0.136978,0.137180
datos,2000,4,5,0.138824,0.139029
datos,2000,4,6,0.131745,0.131922
datos,2000,4,7,0.131458,0.131624
datos,2000,4,8,0.131525,0.131699
datos,2000,4,9,0.132733,0.132913
datos,2000,4,10,0.131395,0.131553
datos,2000,8,1,0.094591,0.094903
datos,2000,8,2,0.094456,0.094766
datos,2000,8,3,0.094851,0.095158
datos,2000,8,4,0.094651,0.094943
datos,2000,8,5,0.094939,0.095247
datos,2000,8,6,0.094402,0.094707
datos,2000,8,7,0.094413,0.094724
datos,2000,8,8,0.094578,0.094876
datos,2000,8,9,0.094743,0.095035
datos,2000,8,10,0.094561,0.094866
datos,5000,1,1,3.131637,3.131913
datos,5000,1,2,3.107014,3.107290
datos,5000,1,3,3.105855,3.106132
datos,5000,1,4,3.096822,3.097086
datos,5000,1,5,3.093444,3.093706
datos,5000,1,6,3.100176,3.100458
datos,5000,1,7,3.093736,3.094004
datos,5000,1,8,3.091200,3.091467
datos,5000,1,9,3.103205,3.103481
datos,5000,1,10,3.084399,3.084671
datos,5000,2,1,1.593896,1.594234
datos,5000,2,2,1.606347,1.606681
datos,5000,2,3,1.598819,1.599133
datos,5000,2,4,1.605427,1.605753
datos,5000,2,5,1.601890,1.602218
datos,5000,2,6,1.601294,1.601615
datos,5000,2,7,1.608151,1.608490
datos,5000,2,8,1.605402,1.605736
datos,5000,2,9,1.609013,1.609335
datos,5000,2,10,1.609479,1.609821
datos,5000,4,1,0.819636,0.819990
datos,5000,4,2,0.819328,0.819679
datos,5000,4,3,0.816042,0.816385
datos,5000,4,4,0.816771,0.817090
datos,5000,4,5,0.821990,0.822343
datos,5000,4,6,0.817956,0.818310
datos,5000,4,7,0.816966,0.817308
datos,5000,4,8,0.819147,0.819478
datos,5000,4,9,0.817679,0.818022
datos,5000,4,10,0.823857,0.824227
datos,5000,8,1,0.583800,0.584453
datos,5000,8,2,0.582980,0.583619
datos,5000,8,3,0.583151,0.583783
datos,5000,8,4,0.581318,0.581954
datos,5000,8,5,0.588033,0.588674
datos,5000,8,6,0.583046,0.583671
datos,5000,8,7,0.630373,0.630979
datos,5000,8,8,0.582401,0.583029
datos,5000,8,9,0.584220,0.584868
datos,5000,8,10,0.594490,0.595132
datos,10000,1,1,12.681693,12.682291
datos,10000,1,2,12.669831,12.670447
datos,10000,1,3,12.632090,12.632686
datos,10000,1,4,12.629879,12.630491
datos,10000,1,5,12.690223,12.690879
datos,10000,1,6,12.613694,12.614325
datos,10000,1,7,12.591053,12.591682
datos,10000,1,8,12.611580,12.612211
datos,10000,1,9,12.601254,12.601879
datos,10000,1,10,12.528603,12.529202
datos,10000,2,1,6.440824,6.441472
datos,10000,2,2,6.446363,6.447013
datos,10000,2,3,6.438658,6.439291
datos,10000,2,4,6.435054,6.435680
datos,10000,2,5,6.437127,6.437762
datos,10000,2,6,6.436570,6.437204
datos,10000,2,7,6.444622,6.445323
datos,10000,2,8,6.435981,6.436637
datos,10000,2,9,6.433780,6.434405
datos,10000,2,10,6.478376,6.479066
datos,10000,4,1,3.288432,3.289207
datos,10000,4,2,3.271138,3.271879
datos,10000,4,3,3.268183,3.268915
datos,10000,4,4,3.286043,3.286845
datos,10000,4,5,3.279263,3.280022
datos,10000,4,6,3.262630,3.263367
datos,10000,4,7,3.281993,3.282720
datos,10000,4,8,3.272294,3.273028
datos,10000,4,9,3.267800,3.268524
datos,10000,4,10,3.302416,3.303288
datos,10000,8,1,2.329010,2.330541
datos,10000,8,2,2.361134,2.362568
datos,10000,8,3,2.361489,2.362908
datos,10000,8,4,2.333860,2.335226
datos,10000,8,5,2.327726,2.329128
datos,10000,8,6,2.331649,2.332974
datos,10000,8,7,2.325645,2.327004
datos,10000,8,8,2.347169,2.348721
datos,10000,8,9,2.351806,2.353182
datos,10000,8,10,2.322812,2.324219
espacial,500,1,1,0.032361,0.032383
espacial,500,1,2,0.032245,0.032268
espacial,500,1,3,0.032197,0.032220
espacial,500,1,4,0.032200,0.032226
espacial,500,1,5,0.032176,0.032203
espacial,500,1,6,0.032236,0.032257
espacial,500,1,7,0.032257,0.032283
espacial,500,1,8,0.033139,0.033171
espacial,500,1,9,0.032219,0.032243
espacial,500,1,10,0.032208,0.032232
espacial,500,2,1,0.018018,0.018069
espacial,500,2,2,0.018110,0.018160
espacial,500,2,3,0.018270,0.018319
espacial,500,2,4,0.017948,0.018008
espacial,500,2,5,0.018107,0.018160
espacial,500,2,6,0.018130,0.018185
espacial,500,2,7,0.018359,0.018411
espacial,500,2,8,0.018162,0.018209
espacial,500,2,9,0.018044,0.018093
espacial,500,2,10,0.017940,0.017990
espacial,500,4,1,0.012832,0.012880
espacial,500,4,2,0.012756,0.012804
espacial,500,4,3,0.012534,0.012586
espacial,500,4,4,0.012532,0.012580
espacial,500,4,5,0.012556,0.012604
espacial,500,4,6,0.012550,0.012603
espacial,500,4,7,0.012639,0.012688
espacial,500,4,8,0.012573,0.012620
espacial,500,4,9,0.012526,0.012576
espacial,500,4,10,0.012559,0.012620
espacial,500,8,1,0.011382,0.011475
espacial,500,8,2,0.011637,0.011722
espacial,500,8,3,0.011352,0.011428
espacial,500,8,4,0.011576,0.011676
espacial,500,8,5,0.011105,0.011185
espacial,500,8,6,0.011412,0.011512
espacial,500,8,7,0.011473,0.011554
espacial,500,8,8,0.011509,0.011593
espacial,500,8,9,0.011373,0.011451
espacial,500,8,10,0.011377,0.011451
espacial,2000,1,1,0.529222,0.529313
espacial,2000,1,2,0.529486,0.529577
espacial,2000,1,3,0.531099,0.531197
espacial,2000,1,4,0.529417,0.529505
espacial,2000,1,5,0.530915,0.531015
espacial,2000,1,6,0.531607,0.531711
espacial,2000,1,7,0.529291,0.529387
espacial,2000,1,8,0.530602,0.530701
espacial,2000,1,9,0.530143,0.530240
espacial,2000,1,10,0.528490,0.528581
espacial,2000,2,1,0.275904,0.276083
espacial,2000,2,2,0.275354,0.275537
espacial,2000,2,3,0.274868,0.275035
espacial,2000,2,4,0.274760,0.274925
espacial,2000,2,5,0.274638,0.274807
espacial,2000,2,6,0.274846,0.275016
espacial,2000,2,7,0.274707,0.274880
espacial,2000,2,8,0.274817,0.274987
espacial,2000,2,9,0.274626,0.274793
espacial,2000,2,10,0.275127,0.275290
espacial,2000,4,1,0.191635,0.191807
espacial,2000,4,2,0.191817,0.191985
espacial,2000,4,3,0.191702,0.191877
espacial,2000,4,4,0.191683,0.191858
espacial,2000,4,5,0.195491,0.195688
espacial,2000,4,6,0.192727,0.192907
espacial,2000,4,7,0.193156,0.193355
espacial,2000,4,8,0.193297,0.193498
espacial,2000,4,9,0.193633,0.193841
espacial,2000,4,10,0.196472,0.196682
espacial,2000,8,1,0.128888,0.129212
espacial,2000,8,2,0.138703,0.139027
espacial,2000,8,3,0.132785,0.133109
espacial,2000,8,4,0.131607,0.131924
espacial,2000,8,5,0.125188,0.125522
espacial,2000,8,6,0.134982,0.135302
espacial,2000,8,7,0.128128,0.128471
espacial,2000,8,8,0.127905,0.128243
espacial,2000,8,9,0.128222,0.128560
espacial,2000,8,10,0.127294,0.127642
espacial,5000,1,1,3.336178,3.336469
espacial,5000,1,2,3.345520,3.345804
espacial,5000,1,3,3.331596,3.331874
espacial,5000,1,4,3.344229,3.344529
espacial,5000,1,5,3.347417,3.347686
espacial,5000,1,6,3.425587,3.425966
espacial,5000,1,7,3.373811,3.374157
espacial,5000,1,8,3.382812,3.383132
espacial,5000,1,9,3.346927,3.347217
espacial,5000,1,10,3.335267,3.335551
espacial,5000,2,1,1.723615,1.723989
espacial,5000,2,2,1.725752,1.726122
espacial,5000,2,3,1.726490,1.726847
espacial,5000,2,4,1.724616,1.725015
espacial,5000,2,5,1.726466,1.726818
espacial,5000,2,6,1.725871,1.726239
espacial,5000,2,7,1.710021,1.710392
espacial,5000,2,8,1.711859,1.712224
espacial,5000,2,9,1.722954,1.723338
espacial,5000,2,10,1.713431,1.713807
espacial,5000,4,1,1.225465,1.225857
espacial,5000,4,2,1.213960,1.214344
espacial,5000,4,3,1.218558,1.219005
espacial,5000,4,4,1.223740,1.224132
espacial,5000,4,5,1.219327,1.219750
espacial,5000,4,6,1.233180,1.233609
espacial,5000,4,7,1.223216,1.223633
espacial,5000,4,8,1.223418,1.223834
espacial,5000,4,9,1.224240,1.224634
espacial,5000,4,10,1.225856,1.226247
espacial,5000,8,1,0.805850,0.806567
espacial,5000,8,2,0.795296,0.796013
espacial,5000,8,3,0.799250,0.799967
espacial,5000,8,4,0.798576,0.799277
espacial,5000,8,5,0.797282,0.798001
espacial,5000,8,6,0.811360,0.812067
espacial,5000,8,7,0.811214,0.811914
espacial,5000,8,8,0.806154,0.806868
espacial,5000,8,9,0.805595,0.806314
espacial,5000,8,10,0.789619,0.790322
espacial,10000,1,1,13.617684,13.618319
espacial,10000,1,2,13.616964,13.617592
espacial,10000,1,3,13.602447,13.603063
espacial,10000,1,4,13.602778,13.603393
espacial,10000,1,5,13.594544,13.595185
espacial,10000,1,6,13.650918,13.651588
espacial,10000,1,7,13.681928,13.682596
espacial,10000,1,8,13.597074,13.597715
espacial,10000,1,9,13.599855,13.600475
espacial,10000,1,10,13.612431,13.613057
espacial,10000,2,1,7.129548,7.130310
espacial,10000,2,2,7.130135,7.130855
espacial,10000,2,3,7.126235,7.126985
espacial,10000,2,4,7.125599,7.126361
espacial,10000,2,5,7.126490,7.127241
espacial,10000,2,6,7.139050,7.139781
espacial,10000,2,7,7.151409,7.152146
espacial,10000,2,8,7.140139,7.140887
espacial,10000,2,9,7.132301,7.133036
espacial,10000,2,10,7.129089,7.129829
espacial,10000,4,1,5.093922,5.094736
espacial,10000,4,2,5.095513,5.096372
espacial,10000,4,3,5.104171,5.105011
espacial,10000,4,4,5.099824,5.100649
espacial,10000,4,5,5.097942,5.098765
espacial,10000,4,6,5.106590,5.107437
espacial,10000,4,7,5.095185,5.095999
espacial,10000,4,8,5.098359,5.099197
espacial,10000,4,9,5.098498,5.099309
espacial,10000,4,10,5.100902,5.101727
espacial,10000,8,1,3.444952,3.446220
espacial,10000,8,2,3.547194,3.548357
espacial,10000,8,3,3.473385,3.474581
espacial,10000,8,4,3.539146,3.540192
espacial,10000,8,5,3.582287,3.583387
espacial,10000,8,6,3.668687,3.669786
espacial,10000,8,7,3.519905,3.520987
espacial,10000,8,8,3.473534,3.474685
espacial,10000,8,9,3.651843,3.652910
espacial,10000,8,10,3.549130,3.550222
tareas,500,1,1,0.027224,0.027255
tareas,500,1,2,0.026706,0.026722
tareas,500,1,3,0.026601,0.026622
tareas,500,1,4,0.026666,0.026686
tareas,500,1,5,0.026570,0.026591
tareas,500,1,6,0.026538,0.026565
tareas,500,1,7,0.026530,0.026548
tareas,500,1,8,0.026551,0.026579
tareas,500,1,9,0.026610,0.026630
tareas,500,1,10,0.026615,0.026639
tareas,500,2,1,0.014253,0.014313
tareas,500,2,2,0.014693,0.014749
tareas,500,2,3,0.014498,0.014556
tareas,500,2,4,0.014337,0.014394
tareas,500,2,5,0.014310,0.014370
tareas,500,2,6,0.014244,0.014289
tareas,500,2,7,0.014239,0.014296
tareas,500,2,8,0.014356,0.014401
tareas,500,2,9,0.014124,0.014185
tareas,500,2,10,0.023332,0.023399
tareas,500,4,1,0.019923,0.019983
tareas,500,4,2,0.020360,0.020424
tareas,500,4,3,0.018546,0.018604
tareas,500,4,4,0.019641,0.019687
tareas,500,4,5,0.016128,0.016183
tareas,500,4,6,0.014857,0.014906
tareas,500,4,7,0.014760,0.014814
tareas,500,4,8,0.014651,0.014711
tareas,500,4,9,0.014891,0.014944
tareas,500,4,10,0.014760,0.014808
tareas,500,8,1,0.017706,0.017752
tareas,500,8,2,0.017215,0.017265
tareas,500,8,3,0.017437,0.017479
tareas,500,8,4,0.016981,0.017036
tareas,500,8,5,0.018974,0.019049
tareas,500,8,6,0.020310,0.020364
tareas,500,8,7,0.017288,0.017336
tareas,500,8,8,0.032881,0.032943
tareas,500,8,9,0.019581,0.019623
tareas,500,8,10,0.018793,0.018843
tareas,2000,1,1,0.423636,0.423732
tareas,2000,1,2,0.423273,0.423367
tareas,2000,1,3,0.422479,0.422569
tareas,2000,1,4,0.423633,0.423723
tareas,2000,1,5,0.427078,0.427189
tareas,2000,1,6,0.425912,0.426015
tareas,2000,1,7,0.442136,0.442287
tareas,2000,1,8,0.432798,0.432952
tareas,2000,1,9,0.425246,0.425364
tareas,2000,1,10,0.429951,0.430086
tareas,2000,2,1,0.243304,0.243566
tareas,2000,2,2,0.222990,0.223187
tareas,2000,2,3,0.220204,0.220388
tareas,2000,2,4,0.220340,0.220525
tareas,2000,2,5,0.220082,0.220270
tareas,2000,2,6,0.219887,0.220072
tareas,2000,2,7,0.221874,0.222070
tareas,2000,2,8,0.221243,0.221435
tareas,2000,2,9,0.220888,0.221073
tareas,2000,2,10,0.220555,0.220737
tareas,2000,4,1,0.120448,0.120631
tareas,2000,4,2,0.112860,0.113025
tareas,2000,4,3,0.116880,0.117071
tareas,2000,4,4,0.141612,0.141865
tareas,2000,4,5,0.127393,0.127628
tareas,2000,4,6,0.115502,0.115692
tareas,2000,4,7,0.112592,0.112757
tareas,2000,4,8,0.113851,0.114037
tareas,2000,4,9,0.112859,0.113037
tareas,2000,4,10,0.117441,0.117633
tareas,2000,8,1,0.124655,0.124866
tareas,2000,8,2,0.155743,0.156047
tareas,2000,8,3,0.123575,0.123839
tareas,2000,8,4,0.118851,0.119151
tareas,2000,8,5,0.120250,0.120556
tareas,2000,8,6,0.126030,0.126328
tareas,2000,8,7,0.138294,0.138570
tareas,2000,8,8,0.123568,0.123883
tareas,2000,8,9,0.118072,0.118388
tareas,2000,8,10,0.116760,0.117069
tareas,5000,1,1,2.656408,2.656692
tareas,5000,1,2,2.688289,2.688645
tareas,5000,1,3,2.701157,2.701489
tareas,5000,1,4,2.659789,2.660093
tareas,5000,1,5,2.649729,2.650018
tareas,5000,1,6,2.651409,2.651696
tareas,5000,1,7,2.662545,2.662828
tareas,5000,1,8,2.665427,2.665714
tareas,5000,1,9,2.679715,2.680004
tareas,5000,1,10,2.669001,2.669288
tareas,5000,2,1,1.381900,1.382251
tareas,5000,2,2,1.380941,1.381290
tareas,5000,2,3,1.378965,1.379307
tareas,5000,2,4,1.380536,1.380884
tareas,5000,2,5,1.375981,1.376327
tareas,5000,2,6,1.376163,1.376506
tareas,5000,2,7,1.378114,1.378452
tareas,5000,2,8,1.378223,1.378567
tareas,5000,2,9,1.378070,1.378429
tareas,5000,2,10,1.377300,1.377650
tareas,5000,4,1,0.702125,0.702487
tareas,5000,4,2,0.706419,0.706785
tareas,5000,4,3,0.699478,0.699843
tareas,5000,4,4,0.702097,0.702473
tareas,5000,4,5,0.700746,0.701133
tareas,5000,4,6,0.708724,0.709097
tareas,5000,4,7,0.706916,0.707285
tareas,5000,4,8,0.698538,0.698874
tareas,5000,4,9,0.727406,0.727796
tareas,5000,4,10,0.709314,0.709707
tareas,5000,8,1,0.593398,0.594029
tareas,5000,8,2,0.567441,0.568125
tareas,5000,8,3,0.566387,0.567026
tareas,5000,8,4,0.572857,0.573510
tareas,5000,8,5,0.567707,0.568384
tareas,5000,8,6,0.567962,0.568625
tareas,5000,8,7,0.591130,0.591793
tareas,5000,8,8,0.569108,0.569780
tareas,5000,8,9,0.572540,0.573196
tareas,5000,8,10,0.567439,0.568096
tareas,10000,1,1,10.584569,10.585164
tareas,10000,1,2,10.589473,10.590085
tareas,10000,1,3,10.589542,10.590152
tareas,10000,1,4,10.587031,10.587636
tareas,10000,1,5,10.588792,10.589398
tareas,10000,1,6,10.583230,10.583839
tareas,10000,1,7,10.582500,10.583107
tareas,10000,1,8,10.582321,10.582926
tareas,10000,1,9,10.580970,10.581567
tareas,10000,1,10,10.571516,10.572108
tareas,10000,2,1,5.502291,5.502958
tareas,10000,2,2,5.504973,5.505643
tareas,10000,2,3,5.513685,5.514366
tareas,10000,2,4,5.500344,5.500999
tareas,10000,2,5,5.500504,5.501150
tareas,10000,2,6,5.499561,5.500221
tareas,10000,2,7,5.496704,5.497331
tareas,10000,2,8,5.498152,5.498793
tareas,10000,2,9,5.502199,5.502843
tareas,10000,2,10,5.497997,5.498653
tareas,10000,4,1,2.792192,2.792853
tareas,10000,4,2,2.798414,2.799133
tareas,10000,4,3,2.791658,2.792330
tareas,10000,4,4,2.791312,2.791994
tareas,10000,4,5,2.791532,2.792234
tareas,10000,4,6,2.803750,2.804418
tareas,10000,4,7,2.789646,2.790311
tareas,10000,4,8,2.801181,2.801868
tareas,10000,4,9,2.827990,2.828725
tareas,10000,4,10,2.830351,2.831077
tareas,10000,8,1,2.039697,2.040917
tareas,10000,8,2,2.092953,2.094143
tareas,10000,8,3,2.085015,2.086242
tareas,10000,8,4,2.114286,2.115511
tareas,10000,8,5,2.072059,2.073294
tareas,10000,8,6,2.081971,2.083195
tareas,10000,8,7,2.057147,2.058410
tareas,10000,8,8,2.055825,2.057056
tareas,10000,8,9,2.045778,2.047026
tareas,10000,8,10,2.040793,2.042051
